FDP LOCATION,FDP DESCRIPTION,FDP INDEX
MH-MHB-00307,MH-MHB-0501-007,001
MH-UOR-00129,MH-UOR-0519-129,001
MH-UOR-00145,MH-UOR-0519-145,001
MH-UOR-00001,MH-UOR-0519-001,001
MH-UOR-00027,MH-UOR-0519-027,001
MH-UOR-00038,MH-UOR-0519-038,001
MH-UOR-00053,MH-UOR-0519-053,001
MH-UOR-00065,MH-UOR-0519-065,001
MH-UOR-00066,MH-UOR-0519-066,001
MH-UOR-00097,MH-UOR-0519-097,001
MH-UOR-00098,MH-UOR-0519-098,001
MH-MHK-00315,MH-MHK-0504-015,001
MH-MHF-00313,MH-MHF-0502-013,001
MH-WDJ-00301,MH-WDJ-0521-001,001
